site,F
54,disulfide bond
74,disulfide bond
88,N-glycosylation site
89,N-glycosylation site
90,N-glycosylation site
107,salt bridge
113,salt bridge
119,disulfide bond
126,disulfide bond
131,disulfide bond
134b,N-glycosylation site
134c,N-glycosylation site
134d,N-glycosylation site
136,N-glycosylation site
137,N-glycosylation site
138,N-glycosylation site
141,N-glycosylation site
142,N-glycosylation site
143,N-glycosylation site
156,N-glycosylation site
157,disulfide bond
158,N-glycosylation site
160,N-glycosylation site
161,N-glycosylation site
162,N-glycosylation site
186,N-glycosylation site
187,N-glycosylation site
188,N-glycosylation site
196,disulfide bond
197,N-glycosylation site
198,N-glycosylation site
199,N-glycosylation site
205,disulfide bond
218,disulfide bond
228,disulfide bond
230,N-glycosylation site
231,N-glycosylation site
232,N-glycosylation site
234,N-glycosylation site
235,N-glycosylation site
236,N-glycosylation site
239,disulfide bond
241,N-glycosylation site
242,N-glycosylation site
243,N-glycosylation site
247,disulfide bond
262,N-glycosylation site
263,N-glycosylation site
264,N-glycosylation site
276,N-glycosylation site
277,N-glycosylation site
278,N-glycosylation site
289,N-glycosylation site
290,N-glycosylation site
291,N-glycosylation site
295,N-glycosylation site
296,disulfide bond
297,N-glycosylation site
301,N-glycosylation site
302,N-glycosylation site
303,N-glycosylation site
331,disulfide bond
332,N-glycosylation site
333,N-glycosylation site
334,N-glycosylation site
339,N-glycosylation site
340,N-glycosylation site
341,N-glycosylation site
356,N-glycosylation site
357,N-glycosylation site
358,N-glycosylation site
378,disulfide bond
385,disulfide bond
386,N-glycosylation site
387,N-glycosylation site
388,N-glycosylation site
397,N-glycosylation site
398,N-glycosylation site
399,N-glycosylation site
406,N-glycosylation site
407,N-glycosylation site
408,N-glycosylation site
418,disulfide bond
429,salt bridge
445,disulfide bond
448,N-glycosylation site
449,N-glycosylation site
450,N-glycosylation site
463,N-glycosylation site
464,N-glycosylation site
465,N-glycosylation site
557,salt bridge
574,salt bridge
598,disulfide bond
604,disulfide bond
611,N-glycosylation site
612,N-glycosylation site
613,N-glycosylation site
616,N-glycosylation site
617,N-glycosylation site
618,N-glycosylation site
632,salt bridge
637,N-glycosylation site
638,N-glycosylation site
639,N-glycosylation site
648,salt bridge