site,R
35,gp120-conserved
36,gp120-conserved
37,gp120-conserved
38,gp120-conserved
39,gp120-conserved
40,gp120-conserved
41,gp120-conserved
42,gp120-conserved
43,gp120-conserved
44,gp120-conserved
45,gp120-conserved
46,gp120-conserved
47,gp120-conserved
48,gp120-conserved
49,gp120-conserved
50,gp120-conserved
51,gp120-conserved
52,gp120-conserved
53,gp120-conserved
54,gp120-conserved
55,gp120-conserved
56,gp120-conserved
57,gp120-conserved
58,gp120-conserved
59,gp120-conserved
60,gp120-conserved
61,gp120-conserved
62,gp120-conserved
63,gp120-conserved
64,gp120-conserved
65,gp120-conserved
66,gp120-conserved
67,gp120-conserved
68,gp120-conserved
69,gp120-conserved
70,gp120-conserved
71,gp120-conserved
72,gp120-conserved
73,gp120-conserved
74,gp120-conserved
75,gp120-conserved
76,gp120-conserved
77,gp120-conserved
78,gp120-conserved
79,gp120-conserved
80,gp120-conserved
81,gp120-conserved
82,gp120-conserved
83,gp120-conserved
84,gp120-conserved
85,gp120-conserved
86,gp120-conserved
87,gp120-conserved
88,gp120-conserved
89,gp120-conserved
90,gp120-conserved
91,gp120-conserved
92,gp120-conserved
93,gp120-conserved
94,gp120-conserved
95,gp120-conserved
96,gp120-conserved
97,gp120-conserved
98,gp120-conserved
99,gp120-conserved
100,gp120-conserved
101,gp120-conserved
102,gp120-conserved
103,gp120-conserved
104,gp120-conserved
105,gp120-conserved
106,gp120-conserved
107,gp120-conserved
108,gp120-conserved
109,gp120-conserved
110,gp120-conserved
111,gp120-conserved
112,gp120-conserved
113,gp120-conserved
114,gp120-conserved
115,gp120-conserved
116,gp120-conserved
117,gp120-conserved
118,gp120-conserved
119,gp120-conserved
120,gp120-conserved
121,gp120-conserved
122,gp120-conserved
123,gp120-conserved
124,gp120-conserved
125,gp120-conserved
126,gp120-conserved
127,gp120-conserved
128,gp120-conserved
129,gp120-conserved
130,gp120-conserved
131,gp120-conserved
132,gp120-variable
133,gp120-variable
134,gp120-variable
134a,gp120-variable
134b,gp120-variable
134c,gp120-variable
134d,gp120-variable
134e,gp120-variable
135,gp120-variable
136,gp120-variable
137,gp120-variable
138,gp120-variable
139,gp120-variable
140,gp120-variable
141,gp120-variable
142,gp120-variable
143,gp120-variable
144,gp120-variable
145,gp120-variable
146,gp120-variable
147,gp120-variable
148,gp120-variable
149,gp120-variable
150,gp120-variable
151,gp120-variable
152,gp120-variable
153,gp120-variable
154,gp120-variable
155,gp120-variable
156,gp120-variable
157,gp120-variable
158,gp120-variable
159,gp120-variable
160,gp120-variable
161,gp120-variable
162,gp120-variable
163,gp120-variable
164,gp120-variable
165,gp120-variable
166,gp120-variable
167,gp120-variable
168,gp120-variable
169,gp120-variable
170,gp120-variable
171,gp120-variable
172,gp120-variable
173,gp120-variable
174,gp120-variable
175,gp120-variable
176,gp120-variable
177,gp120-variable
178,gp120-variable
179,gp120-variable
180,gp120-variable
181,gp120-variable
182,gp120-variable
183,gp120-variable
184,gp120-variable
185,gp120-variable
186,gp120-variable
187,gp120-variable
188,gp120-variable
189,gp120-variable
190,gp120-variable
191,gp120-variable
192,gp120-variable
193,gp120-variable
194,gp120-variable
195,gp120-variable
196,gp120-conserved
197,gp120-conserved
198,gp120-conserved
199,gp120-conserved
200,gp120-conserved
201,gp120-conserved
202,gp120-conserved
203,gp120-conserved
204,gp120-conserved
205,gp120-conserved
206,gp120-conserved
207,gp120-conserved
208,gp120-conserved
209,gp120-conserved
210,gp120-conserved
211,gp120-conserved
212,gp120-conserved
213,gp120-conserved
214,gp120-conserved
215,gp120-conserved
216,gp120-conserved
217,gp120-conserved
218,gp120-conserved
219,gp120-conserved
220,gp120-conserved
221,gp120-conserved
222,gp120-conserved
223,gp120-conserved
224,gp120-conserved
225,gp120-conserved
226,gp120-conserved
227,gp120-conserved
228,gp120-conserved
229,gp120-conserved
230,gp120-conserved
231,gp120-conserved
232,gp120-conserved
233,gp120-conserved
234,gp120-conserved
235,gp120-conserved
236,gp120-conserved
237,gp120-conserved
238,gp120-conserved
239,gp120-conserved
240,gp120-conserved
241,gp120-conserved
242,gp120-conserved
243,gp120-conserved
244,gp120-conserved
245,gp120-conserved
246,gp120-conserved
247,gp120-conserved
248,gp120-conserved
249,gp120-conserved
250,gp120-conserved
251,gp120-conserved
252,gp120-conserved
253,gp120-conserved
254,gp120-conserved
255,gp120-conserved
256,gp120-conserved
257,gp120-conserved
258,gp120-conserved
259,gp120-conserved
260,gp120-conserved
261,gp120-conserved
262,gp120-conserved
263,gp120-conserved
264,gp120-conserved
265,gp120-conserved
266,gp120-conserved
267,gp120-conserved
268,gp120-conserved
269,gp120-conserved
270,gp120-conserved
271,gp120-conserved
272,gp120-conserved
273,gp120-conserved
274,gp120-conserved
275,gp120-conserved
276,gp120-conserved
277,gp120-conserved
278,gp120-conserved
279,gp120-conserved
280,gp120-conserved
281,gp120-conserved
282,gp120-conserved
283,gp120-conserved
284,gp120-conserved
285,gp120-conserved
286,gp120-conserved
287,gp120-conserved
288,gp120-conserved
289,gp120-conserved
290,gp120-conserved
291,gp120-conserved
292,gp120-conserved
293,gp120-conserved
294,gp120-conserved
295,gp120-conserved
296,gp120-conserved
297,gp120-variable
298,gp120-variable
299,gp120-variable
300,gp120-variable
301,gp120-variable
302,gp120-variable
303,gp120-variable
304,gp120-variable
305,gp120-variable
306,gp120-variable
307,gp120-variable
308,gp120-variable
309,gp120-variable
310,gp120-variable
311,gp120-variable
312,gp120-variable
313,gp120-variable
314,gp120-variable
315,gp120-variable
316,gp120-variable
317,gp120-variable
318,gp120-variable
319,gp120-variable
320,gp120-variable
321,gp120-variable
322,gp120-variable
323,gp120-variable
324,gp120-variable
325,gp120-variable
326,gp120-variable
327,gp120-variable
328,gp120-variable
329,gp120-variable
330,gp120-variable
331,gp120-conserved
332,gp120-conserved
333,gp120-conserved
334,gp120-conserved
335,gp120-conserved
336,gp120-conserved
337,gp120-conserved
338,gp120-conserved
339,gp120-conserved
340,gp120-conserved
341,gp120-conserved
342,gp120-conserved
343,gp120-conserved
344,gp120-conserved
345,gp120-conserved
346,gp120-conserved
347,gp120-conserved
348,gp120-conserved
349,gp120-conserved
350,gp120-conserved
351,gp120-conserved
352,gp120-conserved
353,gp120-conserved
354,gp120-conserved
355,gp120-conserved
356,gp120-conserved
357,gp120-conserved
358,gp120-conserved
359,gp120-conserved
360,gp120-conserved
361,gp120-conserved
362,gp120-conserved
363,gp120-conserved
364,gp120-conserved
365,gp120-conserved
366,gp120-conserved
367,gp120-conserved
368,gp120-conserved
369,gp120-conserved
370,gp120-conserved
371,gp120-conserved
372,gp120-conserved
373,gp120-conserved
374,gp120-conserved
375,gp120-conserved
376,gp120-conserved
377,gp120-conserved
378,gp120-conserved
379,gp120-conserved
380,gp120-conserved
381,gp120-conserved
382,gp120-conserved
383,gp120-conserved
384,gp120-conserved
385,gp120-conserved
386,gp120-variable
387,gp120-variable
388,gp120-variable
389,gp120-variable
390,gp120-variable
391,gp120-variable
392,gp120-variable
393,gp120-variable
394,gp120-variable
395,gp120-variable
396,gp120-variable
397,gp120-variable
398,gp120-variable
399,gp120-variable
400,gp120-variable
401,gp120-variable
402,gp120-variable
403,gp120-variable
404,gp120-variable
405,gp120-variable
406,gp120-variable
407,gp120-variable
408,gp120-variable
409,gp120-variable
410,gp120-variable
411,gp120-variable
412,gp120-variable
413,gp120-variable
414,gp120-variable
415,gp120-variable
416,gp120-variable
417,gp120-variable
418,gp120-conserved
419,gp120-conserved
420,gp120-conserved
421,gp120-conserved
422,gp120-conserved
423,gp120-conserved
424,gp120-conserved
425,gp120-conserved
426,gp120-conserved
427,gp120-conserved
428,gp120-conserved
429,gp120-conserved
430,gp120-conserved
431,gp120-conserved
432,gp120-conserved
433,gp120-conserved
434,gp120-conserved
435,gp120-conserved
436,gp120-conserved
437,gp120-conserved
438,gp120-conserved
439,gp120-conserved
440,gp120-conserved
441,gp120-conserved
442,gp120-conserved
443,gp120-conserved
444,gp120-conserved
445,gp120-conserved
446,gp120-conserved
447,gp120-conserved
448,gp120-conserved
449,gp120-conserved
450,gp120-conserved
451,gp120-conserved
452,gp120-conserved
453,gp120-conserved
454,gp120-conserved
455,gp120-conserved
456,gp120-conserved
457,gp120-conserved
458,gp120-conserved
459,gp120-conserved
460,gp120-variable
461,gp120-variable
462,gp120-variable
463,gp120-variable
464,gp120-variable
465,gp120-variable
466,gp120-variable
467,gp120-variable
468,gp120-variable
469,gp120-variable
470,gp120-conserved
471,gp120-conserved
472,gp120-conserved
473,gp120-conserved
474,gp120-conserved
475,gp120-conserved
476,gp120-conserved
477,gp120-conserved
478,gp120-conserved
479,gp120-conserved
480,gp120-conserved
481,gp120-conserved
482,gp120-conserved
483,gp120-conserved
484,gp120-conserved
485,gp120-conserved
486,gp120-conserved
487,gp120-conserved
488,gp120-conserved
489,gp120-conserved
490,gp120-conserved
491,gp120-conserved
492,gp120-conserved
493,gp120-conserved
494,gp120-conserved
495,gp120-conserved
496,gp120-conserved
497,gp120-conserved
498,gp120-conserved
499,gp120-conserved
500,gp120-conserved
501,gp120-conserved
502,gp120-conserved
503,gp120-conserved
504,gp120-conserved
505,gp120-conserved
506,gp120-conserved
507,gp120-conserved
508,gp120-conserved
509,gp120-conserved
510,gp120-conserved
511,gp120-conserved
512,gp41
513,gp41
514,gp41
515,gp41
516,gp41
517,gp41
518,gp41
519,gp41
520,gp41
521,gp41
522,gp41
523,gp41
524,gp41
525,gp41
526,gp41
527,gp41
528,gp41
529,gp41
530,gp41
531,gp41
532,gp41
533,gp41
534,gp41
535,gp41
536,gp41
537,gp41
538,gp41
539,gp41
540,gp41
541,gp41
542,gp41
543,gp41
544,gp41
545,gp41
546,gp41
547,gp41
548,gp41
549,gp41
550,gp41
551,gp41
552,gp41
553,gp41
554,gp41
555,gp41
556,gp41
557,gp41
558,gp41
559,gp41
560,gp41
561,gp41
562,gp41
563,gp41
564,gp41
565,gp41
566,gp41
567,gp41
568,gp41
569,gp41
570,gp41
571,gp41
572,gp41
573,gp41
574,gp41
575,gp41
576,gp41
577,gp41
578,gp41
579,gp41
580,gp41
581,gp41
582,gp41
583,gp41
584,gp41
585,gp41
586,gp41
587,gp41
588,gp41
589,gp41
590,gp41
591,gp41
592,gp41
593,gp41
594,gp41
595,gp41
596,gp41
597,gp41
598,gp41
599,gp41
600,gp41
601,gp41
602,gp41
603,gp41
604,gp41
605,gp41
606,gp41
607,gp41
608,gp41
609,gp41
610,gp41
611,gp41
612,gp41
613,gp41
614,gp41
615,gp41
616,gp41
617,gp41
618,gp41
619,gp41
620,gp41
621,gp41
622,gp41
623,gp41
624,gp41
625,gp41
626,gp41
627,gp41
628,gp41
629,gp41
630,gp41
631,gp41
632,gp41
633,gp41
634,gp41
635,gp41
636,gp41
637,gp41
638,gp41
639,gp41
640,gp41
641,gp41
642,gp41
643,gp41
644,gp41
645,gp41
646,gp41
647,gp41
648,gp41
649,gp41
650,gp41
651,gp41
652,gp41
653,gp41
654,gp41
655,gp41
656,gp41
657,gp41
658,gp41
659,gp41
660,gp41
661,gp41
662,gp41
663,gp41
664,gp41
665,gp41
666,gp41
667,gp41
668,gp41
669,gp41
670,gp41
671,gp41
672,gp41
673,gp41
674,gp41
675,gp41
676,gp41
677,gp41
678,gp41
679,gp41
680,gp41
681,gp41
682,gp41
683,gp41
684,gp41
685,gp41
686,gp41
687,gp41
688,gp41
689,gp41
690,gp41
691,gp41
692,gp41
693,gp41
694,gp41
695,gp41
696,gp41
697,gp41
698,gp41
699,gp41
700,gp41
701,gp41
702,gp41